Calories,Protein,Fat,Carbs,Fibre,Condition,IF,AND,OR,"Note: Protein, Fat, Carbs, Fibre, are measured in grams"
73,2,,16,0.4,FALSE,Healthy,Bad,,
129,3,,29,0.1,FALSE,Not Healthy,Bad,,
45,1,1,7,0.2,FALSE,Healthy,Bad,,
206,2,4,39,1.8,TRUE,Not Healthy,Bad,,
296,2,14,43,2,TRUE,Not Healthy,Bad,,
411,4,19,58,2.3,TRUE,Not Healthy,Bad,,
196,3,6,33,0.7,TRUE,Not Healthy,Bad,,
231,3,12,29,0.6,TRUE,Not Healthy,Bad,,
186,3,8,25,0.7,TRUE,Not Healthy,Bad,,
97,2,4,14,0.4,FALSE,Healthy,Bad,,
212,4,10,27,0.9,TRUE,Not Healthy,Bad,,
93,2,4,13,0.4,FALSE,Healthy,Bad,,
232,2,8,39,1.3,TRUE,Not Healthy,Bad,,
162,6,5,24,0.9,TRUE,Not Healthy,Good,,
197,3,5,33,2.4,TRUE,Not Healthy,Bad,,
138,2,6,22,0.7,TRUE,Not Healthy,Bad,,
168,2,10,18,0.8,TRUE,Healthy,Bad,,
248,2,14,29,0.7,TRUE,Not Healthy,Bad,,
542,5,28,70,1.5,TRUE,Not Healthy,Bad,,
135,2,3,26,1.2,TRUE,Not Healthy,Bad,,
321,6,23,26,0.4,TRUE,Not Healthy,Good,,
407,8,19,53,2.8,TRUE,Not Healthy,Good,,
459,11,23,55,0.8,TRUE,Not Healthy,Good,,
325,3,14,50,1,TRUE,Not Healthy,Bad,,
98,1,5,13,0.6,FALSE,Healthy,Bad,,
156,2,9,19,0.9,TRUE,Healthy,Bad,,
118,1,5,16,0.4,FALSE,Healthy,Bad,,
129,1,4,21,0.6,FALSE,Not Healthy,Bad,,
344,3,22,38,2.3,TRUE,Not Healthy,Bad,,
93,1,4,14,0.6,FALSE,Healthy,Bad,,
362,4,13,61,2,TRUE,Not Healthy,Bad,,
282,3,10,48,2,TRUE,Not Healthy,Bad,,
408,4,16,67,1.9,TRUE,Not Healthy,Bad,,
191,1,11,24,0.8,TRUE,Not Healthy,Bad,,
194,2,6,35,0.9,TRUE,Not Healthy,Bad,,
237,4,13,26,1.1,TRUE,Not Healthy,Bad,,
142,2,4,24,0.5,TRUE,Not Healthy,Bad,,
231,5,12,26,1.5,TRUE,Not Healthy,Bad,,
262,5,15,29,0.8,TRUE,Not Healthy,Bad,,
263,4,13,34,1.3,TRUE,Not Healthy,Bad,,
226,3,8,37,2.3,TRUE,Not Healthy,Bad,,
198,2,11,23,0.7,TRUE,Not Healthy,Bad,,
270,3,18,27,1.1,TRUE,Not Healthy,Bad,,
242,4,14,27,0.7,TRUE,Not Healthy,Bad,,
289,5,16,33,0.8,TRUE,Not Healthy,Bad,,
262,6,16,24,0.6,TRUE,Not Healthy,Good,,
111,1,2,23,1.5,FALSE,Not Healthy,Bad,,
404,4,21,55,3.3,TRUE,Not Healthy,Bad,,
139,1,4,26,1.6,TRUE,Not Healthy,Bad,,
58,1,1,11,0.3,FALSE,Healthy,Bad,,
212,3,7,35,0.8,TRUE,Not Healthy,Bad,,
59,1,1,11,0.4,FALSE,Healthy,Bad,,
105,2,4,17,1.1,FALSE,Healthy,Bad,,
118,3,5,16,1.3,FALSE,Healthy,Bad,,
109,1,3,20,1,FALSE,Healthy,Bad,,
127,2,6,18,1.6,FALSE,Healthy,Bad,,
188,4,12,20,1,TRUE,Healthy,Bad,,
124,2,5,19,1.3,FALSE,Healthy,Bad,,
303,2,10,53,1.4,TRUE,Not Healthy,Bad,,
477,4,18,79,4.3,TRUE,Not Healthy,Bad,,
129,2,4,22,0.3,FALSE,Not Healthy,Bad,,
178,2,6,30,0.6,TRUE,Not Healthy,Bad,,
199,4,8,32,3.7,TRUE,Not Healthy,Bad,,
344,7,14,49,1.9,TRUE,Not Healthy,Good,,
366,8,14,53,2.4,TRUE,Not Healthy,Good,,
313,6,7,54,2.9,TRUE,Not Healthy,Good,,
162,4,6,23,0.9,TRUE,Not Healthy,Bad,,
117,2,5,18,0.7,FALSE,Healthy,Bad,,
134,2,5,20,0.7,FALSE,Healthy,Bad,,
134,2,6,18,0.5,FALSE,Healthy,Bad,,
190,4,10,24,1.5,TRUE,Not Healthy,Bad,,
452,5,21,65,4,TRUE,Not Healthy,Bad,,
391,5,23,42,0.4,TRUE,Not Healthy,Bad,,
229,4,10,30,2.9,TRUE,Not Healthy,Bad,,
91,1,2,18,0.1,FALSE,Healthy,Bad,,
80,1,4,10,0.3,FALSE,Healthy,Bad,,
185,2,12,19,0.5,TRUE,Healthy,Bad,,
234,5,8,34,1,TRUE,Not Healthy,Bad,,
72,1,1,15,0.1,FALSE,Healthy,Bad,,
187,5,3,36,0.2,TRUE,Not Healthy,Bad,,
143,2,6,20,0.2,TRUE,Healthy,Bad,,
142,2,4,25,0.4,TRUE,Not Healthy,Bad,,
407,3,31,31,0.5,TRUE,Not Healthy,Bad,,
206,3,7,34,0.5,TRUE,Not Healthy,Bad,,
215,2,6,39,0.4,TRUE,Not Healthy,Bad,,
57,1,2,9,0.2,FALSE,Healthy,Bad,,
363,3,10,66,0.9,TRUE,Not Healthy,Bad,,
283,2,8,52,1,TRUE,Not Healthy,Bad,,
371,3,9,70,0.3,TRUE,Not Healthy,Bad,,
363,4,11,64,0.9,TRUE,Not Healthy,Bad,,
210,1,,47,0,TRUE,Not Healthy,Bad,,
183,1,0,10,0.7,TRUE,Healthy,Bad,,
99,1,0,5,0,FALSE,Healthy,Bad,,
140,1,0,10,0,TRUE,Healthy,Bad,,
149,5,3,26,0,TRUE,Not Healthy,Bad,,
131,,,32,0.3,FALSE,Not Healthy,Bad,,
0,0,0,0,0,FALSE,Healthy,Bad,,
237,,,9,0.1,TRUE,Healthy,Bad,,
246,,,6,0.1,TRUE,Healthy,Bad,,
3,,,0,0,FALSE,Healthy,Bad,,
3,,0,0,0,FALSE,Healthy,Bad,,
5,,,1,0,FALSE,Healthy,Bad,,
101,5,6,7,0,FALSE,Healthy,Bad,,
13,,,3,0.8,FALSE,Healthy,Bad,,
110,,0,28,0,FALSE,Not Healthy,Bad,,
3,,0,,0,FALSE,Healthy,Bad,,
107,0,0,28,0,FALSE,Not Healthy,Bad,,
3,0,,1,0,FALSE,Healthy,Bad,,
102,0,,26,0,FALSE,Not Healthy,Bad,,
102,0,,26,0,FALSE,Not Healthy,Bad,,
123,0,0,33,0,FALSE,Not Healthy,Bad,,
88,0,0,23,0,FALSE,Not Healthy,Bad,,
211,2,9,28,0,TRUE,Not Healthy,Bad,,
127,3,1,27,0,FALSE,Not Healthy,Bad,,
127,3,2,26,0,FALSE,Not Healthy,Bad,,
91,0,0,23,0,FALSE,Not Healthy,Bad,,
93,,,23,0,FALSE,Not Healthy,Bad,,
105,,,27,0.2,FALSE,Not Healthy,Bad,,
104,0,0,27,0,FALSE,Not Healthy,Bad,,
172,1,8,11,0,TRUE,Healthy,Bad,,
113,,,29,0.3,FALSE,Not Healthy,Bad,,
0,0,0,,0,FALSE,Healthy,Bad,,
134,0,,34,0,FALSE,Not Healthy,Bad,,
135,0,0,34,0,TRUE,Not Healthy,Bad,,
126,0,0,32,0,FALSE,Not Healthy,Bad,,
87,,,12,0.1,FALSE,Healthy,Bad,,
109,0,0,0,0,FALSE,Healthy,Bad,,
29,0,0,8,0,FALSE,Healthy,Bad,,
67,0,,16,0,FALSE,Healthy,Bad,,
3,0,,1,0,FALSE,Healthy,Bad,,
3,0,,1,0,FALSE,Healthy,Bad,,
124,0,0,32,0,FALSE,Not Healthy,Bad,,
220,,1,33,0.3,TRUE,Not Healthy,Bad,,
0,0,0,0,0,FALSE,Healthy,Bad,,
0,0,0,0,0,FALSE,Healthy,Bad,,
203,,0,17,0,TRUE,Healthy,Bad,,
90,,0,2,0,FALSE,Healthy,Bad,,
85,,0,1,0,FALSE,Healthy,Bad,,
104,9,1.4,12,2,FALSE,Healthy,Bad,,
177,11,9.3,1,14,TRUE,Healthy,Good,,
186,12,9.4,1,15,TRUE,Healthy,Good,,
167,10,8.7,,14,TRUE,Healthy,Good,,
150,10,7.6,,12,TRUE,Healthy,Good,,
202,12,10.5,1,17,TRUE,Healthy,Good,,
141,14,5.8,1,9,TRUE,Healthy,Good,,
86,15,0.8,3,1,FALSE,Healthy,Bad,,
70,3,3.4,2,5,FALSE,Healthy,Bad,,
103,2,6.5,1,10,FALSE,Healthy,Bad,,
179,12,8.8,1,14,TRUE,Healthy,Good,,
132,7,7.7,2,11,FALSE,Healthy,Bad,,
134,9,7.3,,11,FALSE,Healthy,Bad,,
178,13,9,1,14,TRUE,Healthy,Good,,
207,15,9.5,,16,TRUE,Healthy,Good,,
120,8,4.4,6,7,FALSE,Healthy,Bad,,
141,10,6.8,1,11,TRUE,Healthy,Good,,
127,13,5.2,1,8,FALSE,Healthy,Bad,,
27,2,1.1,,2,FALSE,Healthy,Bad,,
78,5,4.1,,7,FALSE,Healthy,Bad,,
50,4,1.8,2,3,FALSE,Healthy,Bad,,
90,5,4.1,3,7,FALSE,Healthy,Bad,,
69,6,2.2,4,3,FALSE,Healthy,Bad,,
181,15,6.5,7,10,TRUE,Healthy,Good,,
25,2,1.1,,2,FALSE,Healthy,Bad,,
190,13,8.9,3,14,TRUE,Healthy,Good,,
70,5,3.3,,5,FALSE,Healthy,Bad,,
207,9,3.4,33,6,TRUE,Not Healthy,Good,,
238,10,3.3,38,5,TRUE,Not Healthy,Good,,
21,,0.3,2,2,FALSE,Healthy,Bad,,
11,,0.6,1,1,FALSE,Healthy,Bad,,
9,,0.1,1,,FALSE,Healthy,Bad,,
18,,1,1,2,FALSE,Healthy,Bad,,
39,,2.1,2,3,FALSE,Healthy,Bad,,
60,,4.1,4,5,FALSE,Healthy,Bad,,
42,1,2.1,4,2,FALSE,Healthy,Bad,,
37,1,2,3,2,FALSE,Healthy,Bad,,
47,,3.4,3,4,FALSE,Healthy,Bad,,
145,5,2.1,24,3,TRUE,Not Healthy,Bad,,
362,10,11.9,36,20,TRUE,Not Healthy,Good,,
68,3,1.1,10,2,FALSE,Healthy,Bad,,
78,3,0,15,1,FALSE,Healthy,Bad,,
203,9,3.8,28,6,TRUE,Not Healthy,Good,,
255,10,3.8,41,6,TRUE,Not Healthy,Good,,
160,2,0.9,34,2,TRUE,Not Healthy,Bad,,
260,16,3.1,36,5,TRUE,Not Healthy,Good,,
104,6,3.8,7,6,FALSE,Healthy,Bad,,
296,8,4.2,53,7,TRUE,Not Healthy,Good,,
279,10,4.7,44,8,TRUE,Not Healthy,Good,,
166,9,1.6,28,3,TRUE,Not Healthy,Good,,
190,8,3.3,27,5,TRUE,Not Healthy,Good,,
62,2,1.1,11,2,FALSE,Healthy,Bad,,
122,10,1.6,15,3,FALSE,Healthy,Bad,,
15,1,0.2,2,,FALSE,Healthy,Bad,,
105,10,0.2,15,,FALSE,Healthy,Bad,,
13,1,,2,,FALSE,Healthy,Bad,,
178,9,6.3,13,10,TRUE,Healthy,Good,,
21,1,0.8,2,1,FALSE,Healthy,Bad,,
108,9,1.6,13,3,FALSE,Healthy,Bad,,
129,9,3.3,12,5,FALSE,Healthy,Bad,,
146,10,3.2,14,5,TRUE,Healthy,Good,,
86,8,0.1,13,,FALSE,Healthy,Bad,,
88,9,0.2,13,,FALSE,Healthy,Bad,,
155,8,5.4,12,8,TRUE,Healthy,Good,,
149,4,1.6,27,3,TRUE,Not Healthy,Bad,,
138,3,0.7,23,4,TRUE,Not Healthy,Bad,,
96,3,0.2,20,,FALSE,Healthy,Bad,,
160,4,1.2,32,2,TRUE,Not Healthy,Bad,,
161,2,1.2,22,7,TRUE,Not Healthy,Bad,,
118,2,0.6,19,4,FALSE,Healthy,Bad,,
88,2,0,20,,FALSE,Healthy,Bad,,
128,2,0.6,22,4,FALSE,Not Healthy,Bad,,
92,2,,22,,FALSE,Not Healthy,Bad,,
127,,0.2,26,2,FALSE,Not Healthy,Bad,,
5,1,,1,,FALSE,Healthy,Bad,,
22,,1.3,1,2,FALSE,Healthy,Bad,,
21,1,1,1,2,FALSE,Healthy,Bad,,
162,6,0.6,26,4,TRUE,Not Healthy,Good,,
110,7,0.5,13,4,FALSE,Healthy,Bad,,
85,7,0.5,4,4,FALSE,Healthy,Bad,,
28,,1.7,1,3,FALSE,Healthy,Bad,,
49,,3.3,,5,FALSE,Healthy,Bad,,
100,1,6.2,3,10,FALSE,Healthy,Bad,,
233,7,2.7,40,5,TRUE,Not Healthy,Good,,
114,10,1.8,13,3,FALSE,Healthy,Bad,,
129,9,3.3,12,5,FALSE,Healthy,Bad,,
79,8,0,11,,FALSE,Healthy,Bad,,
183,7,2.3,30,4,TRUE,Not Healthy,Good,,
116,8,,21,,FALSE,Not Healthy,Bad,,
94,7,0,16,,FALSE,Healthy,Bad,,
226,14,17,4,,TRUE,Healthy,Good,,
16,3,0,,,FALSE,Healthy,Bad,,
59,3,6,1,,FALSE,Healthy,Bad,,
173,12,14,2,,TRUE,Healthy,Good,,
78,6,5,1,,FALSE,Healthy,Bad,,
74,6,5,,,FALSE,Healthy,Bad,,
572,34,35,30,,TRUE,Not Healthy,Good,,
189,13,14,4,,TRUE,Healthy,Good,,
273,18,20,5,,TRUE,Healthy,Good,,
319,15,24,13,,TRUE,Healthy,Good,,
237,17,17,5,,TRUE,Healthy,Good,,
266,24,15,9,2.2,TRUE,Healthy,Good,,
483,27,18,52,0.4,TRUE,Not Healthy,Good,,
477,16,31,33,1.1,TRUE,Not Healthy,Good,,
289,17,13,27,1.5,TRUE,Not Healthy,Good,,
650,30,35,53,1.8,TRUE,Not Healthy,Good,,
319,15,15,32,1.3,TRUE,Not Healthy,Good,,
295,22,15,18,2.6,TRUE,Healthy,Good,,
200,21,9,10,2.2,TRUE,Healthy,Good,,
343,12,13,44,1.3,TRUE,Not Healthy,Good,,
632,29,39,42,2.2,TRUE,Not Healthy,Good,,
335,33,12,23,1.2,TRUE,Not Healthy,Good,,
283,22,17,9,0.3,TRUE,Healthy,Good,,
285,15,18,16,0.9,TRUE,Healthy,Good,,
270,26,9,23,4.9,TRUE,Not Healthy,Good,,
197,7,8,24,1.1,TRUE,Not Healthy,Good,,
310,22,7,37,2,TRUE,Not Healthy,Good,,
113,5,6,9,0.7,FALSE,Healthy,Bad,,
523,21,29,48,2.4,TRUE,Not Healthy,Good,,
236,3,12,29,2.5,TRUE,Not Healthy,Bad,,
192,5,8,26,1.5,TRUE,Not Healthy,Bad,,
806,50,62,8,0.6,TRUE,Healthy,Good,,
576,32,32,39,1.9,TRUE,Not Healthy,Good,,
275,12,12,31,1.3,TRUE,Not Healthy,Good,,
167,17,8,5,0.5,TRUE,Healthy,Good,,
242,10,15,18,0.9,TRUE,Healthy,Good,,
223,6,6,36,3.3,TRUE,Not Healthy,Good,,
195,6,5,31,0.2,TRUE,Not Healthy,Good,,
276,4,16,31,1.7,TRUE,Not Healthy,Bad,,
210,9,8,25,1.5,TRUE,Not Healthy,Good,,
219,11,9,23,1.4,TRUE,Not Healthy,Good,,
193,8,7,24,1.8,TRUE,Not Healthy,Good,,
250,11,12,24,1.9,TRUE,Not Healthy,Good,,
216,7,4,38,3.4,TRUE,Not Healthy,Good,,
456,22,19,51,3,TRUE,Not Healthy,Good,,
417,24,16,44,3.3,TRUE,Not Healthy,Good,,
584,30,28,55,2.9,TRUE,Not Healthy,Good,,
199,9,10,17,0.5,TRUE,Healthy,Good,,
359,19,19,28,4.5,TRUE,Not Healthy,Good,,
191,15,7,15,1,TRUE,Healthy,Good,,
532,32,25,44,3.5,TRUE,Not Healthy,Good,,
60,1,5,3,0.3,FALSE,Healthy,Bad,,
110,0,12,0,,FALSE,Healthy,Bad,,
17,,2,,,FALSE,Healthy,Bad,,
34,,4,,,FALSE,Healthy,Bad,,
34,,4,,,FALSE,Healthy,Bad,,
34,,4,,,FALSE,Healthy,Bad,,
34,,4,,,FALSE,Healthy,Bad,,
34,,4,,,FALSE,Healthy,Bad,,
34,,4,,,FALSE,Healthy,Bad,,
117,0,13,0,,FALSE,Healthy,Bad,,
34,,4,,,FALSE,Healthy,Bad,,
125,0,14,0,,FALSE,Healthy,Bad,,
122,0,14,0,,FALSE,Healthy,Bad,,
122,0,14,0,,FALSE,Healthy,Bad,,
122,0,14,0,,FALSE,Healthy,Bad,,
121,0,14,0,,FALSE,Healthy,Bad,,
121,0,14,0,,FALSE,Healthy,Bad,,
122,0,14,0,,FALSE,Healthy,Bad,,
122,0,14,0,,FALSE,Healthy,Bad,,
122,0,14,0,,FALSE,Healthy,Bad,,
78,1,8,1,,FALSE,Healthy,Bad,,
15,1,1,,,FALSE,Healthy,Bad,,
79,,9,,,FALSE,Healthy,Bad,,
17,,1,3,,FALSE,Healthy,Bad,,
21,,,5,,FALSE,Healthy,Bad,,
72,,7,2,,FALSE,Healthy,Bad,,
33,,2,4,,FALSE,Healthy,Bad,,
43,,4,2,,FALSE,Healthy,Bad,,
11,,1,1,,FALSE,Healthy,Bad,,
100,,11,1,,FALSE,Healthy,Bad,,
51,,5,1,,FALSE,Healthy,Bad,,
7,,,1,,FALSE,Healthy,Bad,,
73,0,8,,,FALSE,Healthy,Bad,,
71,,8,1,,FALSE,Healthy,Bad,,
36,,3,3,,FALSE,Healthy,Bad,,
58,,5,4,,FALSE,Healthy,Bad,,
14,,,3,,FALSE,Healthy,Bad,,
44,0,4,2,,FALSE,Healthy,Bad,,
59,,6,2,,FALSE,Healthy,Bad,,
32,,2,3,,FALSE,Healthy,Bad,,
115,0,13,0,,FALSE,Healthy,Bad,,
34,,4,,,FALSE,Healthy,Bad,,
33,,4,,,FALSE,Healthy,Bad,,
17,2,1,0,,FALSE,Healthy,Bad,,
119,20,4,0,,FALSE,Healthy,Bad,,
110,18,4,0,,FALSE,Healthy,Bad,,
71,16,1,0,,FALSE,Healthy,Bad,,
156,14,7,9,,TRUE,Healthy,Good,,
114,14,6,0,,FALSE,Healthy,Bad,,
41,4,3,1,,FALSE,Healthy,Bad,,
98,17,3,0,,FALSE,Healthy,Bad,,
88,17,2,0,,FALSE,Healthy,Bad,,
89,15,1,3,,FALSE,Healthy,Bad,,
125,22,2,4,,FALSE,Healthy,Bad,,
79,17,1,0,,FALSE,Healthy,Bad,,
62,13,1,0,,FALSE,Healthy,Bad,,
93,12,5,,,FALSE,Healthy,Bad,,
71,15,1,0,,FALSE,Healthy,Bad,,
68,8,1,7,,FALSE,Healthy,Bad,,
72,15,1,0,,FALSE,Healthy,Bad,,
52,11,1,0,,FALSE,Healthy,Bad,,
240,16,12,15,,TRUE,Healthy,Good,,
265,22,15,9,,TRUE,Healthy,Good,,
227,13,10,20,,TRUE,Healthy,Good,,
63,7,1,6,,FALSE,Healthy,Bad,,
80,17,1,0,,FALSE,Healthy,Bad,,
84,18,1,0,,FALSE,Healthy,Bad,,
105,20,2,0,,FALSE,Healthy,Bad,,
163,18,9,0,,TRUE,Healthy,Good,,
75,16,,1,,FALSE,Healthy,Bad,,
197,18,13,0,,TRUE,Healthy,Good,,
129,18,3,6,,FALSE,Healthy,Bad,,
91,18,2,0,,FALSE,Healthy,Bad,,
58,6,2,3,,FALSE,Healthy,Bad,,
90,9,3,5,,FALSE,Healthy,Bad,,
50,4,1,5,,FALSE,Healthy,Bad,,
89,18,1,0,,FALSE,Healthy,Bad,,
71,16,1,0,,FALSE,Healthy,Bad,,
89,19,1,0,,FALSE,Healthy,Bad,,
155,17,9,0,,TRUE,Healthy,Good,,
116,19,4,0,,FALSE,Healthy,Bad,,
106,16,4,0,,FALSE,Healthy,Bad,,
106,16,4,0,,FALSE,Healthy,Bad,,
134,18,6,0,,FALSE,Healthy,Bad,,
116,24,9,0,,FALSE,Healthy,Bad,,
113,17,4,1,,FALSE,Healthy,Bad,,
102,17,4,0,,FALSE,Healthy,Bad,,
47,7,2,0,,FALSE,Healthy,Bad,,
47,7,2,0,,FALSE,Healthy,Bad,,
162,20,8,0,,TRUE,Healthy,Good,,
220,26,12,0,,TRUE,Healthy,Good,,
197,22,11,1,,TRUE,Healthy,Good,,
87,18,1,0,,FALSE,Healthy,Bad,,
30,6,,0,,FALSE,Healthy,Bad,,
160,14,8,8,,TRUE,Healthy,Good,,
201,17,10,10,,TRUE,Healthy,Good,,
96,20,1,0,,FALSE,Healthy,Bad,,
88,18,1,0,,FALSE,Healthy,Bad,,
127,18,5,0,,FALSE,Healthy,Bad,,
203,17,10,10,,TRUE,Healthy,Good,,
87,19,1,0,,FALSE,Healthy,Bad,,
149,22,6,0,,TRUE,Healthy,Good,,
92,15,3,0,,FALSE,Healthy,Bad,,
100,17,3,0,,FALSE,Healthy,Bad,,
59,,,15,0.1,FALSE,Healthy,Bad,,
72,,,19,2.6,FALSE,Healthy,Bad,,
55,,,15,1.5,FALSE,Healthy,Bad,,
67,1,,17,1.2,FALSE,Healthy,Bad,,
50,1,,12,2.1,FALSE,Healthy,Bad,,
161,2,15,9,6.7,TRUE,Healthy,Bad,,
105,1,,27,2.1,FALSE,Not Healthy,Bad,,
33,1,,7,4,FALSE,Healthy,Bad,,
42,,1,10,2.6,FALSE,Healthy,Bad,,
44,1,,11,2,FALSE,Healthy,Bad,,
43,1,,11,1.4,FALSE,Healthy,Bad,,
35,1,,9,1.3,FALSE,Healthy,Bad,,
95,,,25,1.8,FALSE,Not Healthy,Bad,,
76,0,,19,0.1,FALSE,Healthy,Bad,,
61,1,,16,0.1,FALSE,Healthy,Bad,,
24,,0,6,0.1,FALSE,Healthy,Bad,,
70,1,,19,2,FALSE,Healthy,Bad,,
42,1,,11,1.6,FALSE,Healthy,Bad,,
37,,,10,1.5,FALSE,Healthy,Bad,,
58,1,,15,1.3,FALSE,Healthy,Bad,,
73,1,,19,1.3,FALSE,Healthy,Bad,,
117,1,,30,1.8,FALSE,Not Healthy,Bad,,
70,1,,18,1.1,FALSE,Healthy,Bad,,
67,,,17,0.1,FALSE,Healthy,Bad,,
81,1,,20,0.1,FALSE,Healthy,Bad,,
50,1,,12,0.4,FALSE,Healthy,Bad,,
61,1,,15,0.1,FALSE,Healthy,Bad,,
52,1,,13,2,FALSE,Healthy,Bad,,
39,1,,10,2.1,FALSE,Healthy,Bad,,
69,1,,18,1.2,FALSE,Healthy,Bad,,
46,1,,11,2.3,FALSE,Healthy,Bad,,
3,,,1,0.1,FALSE,Healthy,Bad,,
3,,,1,0.1,FALSE,Healthy,Bad,,
63,1,,16,1.2,FALSE,Healthy,Bad,,
67,1,,18,1.9,FALSE,Healthy,Bad,,
29,1,,7,0.6,FALSE,Healthy,Bad,,
32,,,8,0.7,FALSE,Healthy,Bad,,
24,,,6,0.3,FALSE,Healthy,Bad,,
74,,,19,0.8,FALSE,Healthy,Bad,,
68,,,17,0.4,FALSE,Healthy,Bad,,
60,1,,14,2.3,FALSE,Healthy,Bad,,
62,1,,15,2.3,FALSE,Healthy,Bad,,
56,1,,13,0.1,FALSE,Healthy,Bad,,
59,1,,14,0.3,FALSE,Healthy,Bad,,
58,1,,13,0.3,FALSE,Healthy,Bad,,
58,1,,13,0.3,FALSE,Healthy,Bad,,
57,1,,15,0.2,FALSE,Healthy,Bad,,
29,,,7,1.3,FALSE,Healthy,Bad,,
38,1,,9,1.9,FALSE,Healthy,Bad,,
58,1,,15,1.7,FALSE,Healthy,Bad,,
72,1,,19,1.7,FALSE,Healthy,Bad,,
31,1,,8,1.7,FALSE,Healthy,Bad,,
96,1,,26,5,FALSE,Not Healthy,Bad,,
66,,,17,2.1,FALSE,Healthy,Bad,,
76,,,20,2.1,FALSE,Healthy,Bad,,
37,,,10,2,FALSE,Healthy,Bad,,
74,,,18,0.3,FALSE,Healthy,Bad,,
79,1,,21,1.2,FALSE,Not Healthy,Bad,,
42,,,11,1.1,FALSE,Healthy,Bad,,
94,1,,25,1.9,FALSE,Not Healthy,Bad,,
30,,,8,1.1,FALSE,Healthy,Bad,,
53,1,,13,0.5,FALSE,Healthy,Bad,,
72,0,0,20,0,FALSE,Healthy,Bad,,
96,1,,24,1.4,FALSE,Not Healthy,Bad,,
60,1,,16,1.8,FALSE,Healthy,Bad,,
67,1,,18,3.6,FALSE,Healthy,Bad,,
110,1,,29,1.3,FALSE,Not Healthy,Bad,,
34,1,,8,4.2,FALSE,Healthy,Bad,,
147,,,40,2.5,TRUE,Not Healthy,Bad,,
27,1,,6,1.9,FALSE,Healthy,Bad,,
41,1,,11,1.8,FALSE,Healthy,Bad,,
45,1,,11,1.5,FALSE,Healthy,Bad,,
38,1,,9,1.2,FALSE,Healthy,Bad,,
70,2,1,22,11.3,FALSE,Not Healthy,Bad,,
92,4,1,27,11.8,FALSE,Not Healthy,Bad,,
173,4,3,34,3,TRUE,Not Healthy,Bad,,
139,2,1,30,1.1,TRUE,Not Healthy,Bad,,
195,7,1,38,1.6,TRUE,Not Healthy,Good,,
84,2,,19,0.5,FALSE,Healthy,Bad,,
102,2,,23,2,FALSE,Not Healthy,Bad,,
185,5,1,41,7.4,TRUE,Not Healthy,Bad,,
41,1,1,7,0.3,FALSE,Healthy,Bad,,
188,3,9,23,3.1,TRUE,Not Healthy,Bad,,
96,3,1,18,1.1,FALSE,Healthy,Bad,,
95,3,1,18,0.9,FALSE,Healthy,Bad,,
88,4,1,16,2.2,FALSE,Healthy,Bad,,
192,7,2,36,1.4,TRUE,Not Healthy,Good,,
94,3,2,17,1.4,FALSE,Healthy,Bad,,
165,5,1,33,1.3,TRUE,Not Healthy,Bad,,
170,6,2,35,4.7,TRUE,Not Healthy,Good,,
88,3,1,17,2.3,FALSE,Healthy,Bad,,
96,3,2,18,1.5,FALSE,Healthy,Bad,,
91,3,1,17,2,FALSE,Healthy,Bad,,
72,3,1,16,3.4,FALSE,Healthy,Bad,,
93,3,1,18,0.8,FALSE,Healthy,Bad,,
100,3,2,17,0.7,FALSE,Healthy,Bad,,
86,3,1,16,2.4,FALSE,Healthy,Bad,,
97,3,2,18,2.1,FALSE,Healthy,Bad,,
80,3,,18,2.7,FALSE,Healthy,Bad,,
108,1,1,23,0.7,FALSE,Not Healthy,Bad,,
134,3,1,28,2.1,FALSE,Not Healthy,Bad,,
95,3,2,18,2.2,FALSE,Healthy,Bad,,
75,2,4,9,0.4,FALSE,Healthy,Bad,,
188,11,3,28,5.2,TRUE,Not Healthy,Good,,
123,1,3,22,1,FALSE,Not Healthy,Bad,,
124,3,2,30,6.1,FALSE,Not Healthy,Bad,,
103,2,,23,0.7,FALSE,Not Healthy,Bad,,
130,1,,30,0.4,FALSE,Not Healthy,Bad,,
267,6,1,57,5.4,TRUE,Not Healthy,Good,,
93,3,,19,0.7,FALSE,Healthy,Bad,,
46,2,,9,0.7,FALSE,Healthy,Bad,,
31,1,1,6,0.4,FALSE,Healthy,Bad,,
69,1,4,8,0.3,FALSE,Healthy,Bad,,
133,4,1,26,1.5,FALSE,Not Healthy,Bad,,
126,5,1,25,2.6,FALSE,Not Healthy,Bad,,
79,3,1,24,14.1,FALSE,Not Healthy,Bad,,
126,4,4,19,0.6,FALSE,Healthy,Bad,,
149,5,7,16,0.7,TRUE,Healthy,Bad,,
116,1,1,26,0.6,FALSE,Not Healthy,Bad,,
142,2,,33,0.6,TRUE,Not Healthy,Bad,,
93,3,1,22,4.3,FALSE,Not Healthy,Bad,,
122,2,5,18,1,FALSE,Healthy,Bad,,
226,5,3,46,3.5,TRUE,Not Healthy,Bad,,
245,5,8,41,5.3,TRUE,Not Healthy,Bad,,
208,6,1,46,6,TRUE,Not Healthy,Good,,
218,5,9,31,3.3,TRUE,Not Healthy,Bad,,
92,1,,21,0.2,FALSE,Not Healthy,Bad,,
172,4,1,38,2.2,TRUE,Not Healthy,Bad,,
124,5,2,23,2.9,FALSE,Not Healthy,Bad,,
132,2,1,28,1.7,FALSE,Not Healthy,Bad,,
209,7,1,42,1.8,TRUE,Not Healthy,Good,,
112,3,,24,0.9,FALSE,Not Healthy,Bad,,
39,1,,8,0.6,FALSE,Healthy,Bad,,
109,2,4,17,0.5,FALSE,Healthy,Bad,,
121,3,1,29,3.6,FALSE,Not Healthy,Bad,,
144,5,2,28,3.5,TRUE,Not Healthy,Bad,,
120,1,1,27,0.6,FALSE,Not Healthy,Bad,,
60,1,4,7,0.4,FALSE,Healthy,Bad,,
225,8,2,42,1.9,TRUE,Not Healthy,Good,,
73,3,1,12,3.4,FALSE,Healthy,Bad,,
122,9,3,33,5.2,FALSE,Not Healthy,Bad,,
200,7,4,35,5.3,TRUE,Not Healthy,Good,,
131,3,3,23,2.3,FALSE,Not Healthy,Bad,,
133,3,2,25,2.3,FALSE,Not Healthy,Bad,,
141,3,2,29,2.8,TRUE,Not Healthy,Bad,,
112,4,2,20,2.7,FALSE,Healthy,Bad,,
99,4,2,17,2.6,FALSE,Healthy,Bad,,
73,3,3,10,1.1,FALSE,Healthy,Bad,,
112,3,3,20,0.8,FALSE,Healthy,Bad,,
64,1,2,11,0.4,FALSE,Healthy,Bad,,
94,2,1,18,0.7,FALSE,Healthy,Bad,,
86,2,4,11,0.5,FALSE,Healthy,Bad,,
220,9,3,40,3.7,TRUE,Not Healthy,Good,,
223,9,3,41,2.2,TRUE,Not Healthy,Good,,
302,6,,70,0.1,TRUE,Not Healthy,Good,,
112,2,6,13,1,FALSE,Healthy,Bad,,
45,2,,9,1.4,FALSE,Healthy,Bad,,
70,2,1,13,1.3,FALSE,Healthy,Bad,,
187,5,1,47,6.7,TRUE,Not Healthy,Bad,,
371,9,13,54,2,TRUE,Not Healthy,Good,,
115,4,1,24,4,FALSE,Not Healthy,Bad,,
128,2,3,24,0.6,FALSE,Not Healthy,Bad,,
305,5,1,67,2,TRUE,Not Healthy,Bad,,
110,2,,24,0.3,FALSE,Not Healthy,Bad,,
203,2,,46,1.9,TRUE,Not Healthy,Bad,,
115,3,1,24,1.5,FALSE,Not Healthy,Bad,,
109,2,,24,0.4,FALSE,Not Healthy,Bad,,
85,2,,19,0.5,FALSE,Healthy,Bad,,
105,2,,23,0.4,FALSE,Not Healthy,Bad,,
88,3,,18,1.6,FALSE,Healthy,Bad,,
167,6,2,30,1.3,TRUE,Not Healthy,Good,,
85,2,2,14,0.9,FALSE,Healthy,Bad,,
75,2,1,14,2.1,FALSE,Healthy,Bad,,
120,4,2,21,0.9,FALSE,Not Healthy,Bad,,
113,4,3,19,1.6,FALSE,Healthy,Bad,,
41,1,1,7,0.6,FALSE,Healthy,Bad,,
198,5,1,43,7.9,TRUE,Not Healthy,Bad,,
67,2,,16,4.6,FALSE,Healthy,Bad,,
51,1,1,9,0.4,FALSE,Healthy,Bad,,
52,1,1,9,0.4,FALSE,Healthy,Bad,,
91,3,1,21,3.5,FALSE,Not Healthy,Bad,,
138,4,1,32,4.4,TRUE,Not Healthy,Bad,,
174,25,1,20,9.2,TRUE,Healthy,Good,,
209,7,1,42,2.5,TRUE,Not Healthy,Good,,
183,8,1,39,4.8,TRUE,Not Healthy,Good,,
94,4,,18,0.3,FALSE,Healthy,Bad,,
60,1,3,7,0.2,FALSE,Healthy,Bad,,
60,1,3,7,0.2,FALSE,Healthy,Bad,,
103,1,1,24,0.8,FALSE,Not Healthy,Bad,,
61,1,3,8,1,FALSE,Healthy,Bad,,
41,1,1,8,1.2,FALSE,Healthy,Bad,,
159,4,3,27,1.6,TRUE,Not Healthy,Bad,,
117,1,1,27,1,FALSE,Not Healthy,Bad,,
103,3,4,14,0.5,FALSE,Healthy,Bad,,
87,2,3,13,0.8,FALSE,Healthy,Bad,,
130,4,1,29,4.4,FALSE,Not Healthy,Bad,,
8,1,,2,1.6,FALSE,Healthy,Bad,,
95,2,3,13,1.4,FALSE,Healthy,Bad,,
79,2,2,12,0.9,FALSE,Healthy,Bad,,
240,7,1,50,2,TRUE,Not Healthy,Good,,
261,9,1,52,1.7,TRUE,Not Healthy,Good,,
262,6,1,56,1.2,TRUE,Not Healthy,Good,,
215,9,1,46,7.7,TRUE,Not Healthy,Good,,
27,2,1,4,1.1,FALSE,Healthy,Bad,,
71,1,3,11,1.7,FALSE,Healthy,Bad,,
205,5,19,7,1.2,TRUE,Healthy,Bad,,
208,8,18,7,4.2,TRUE,Healthy,Good,,
242,8,22,7,4.2,TRUE,Healthy,Good,,
209,8,18,7,4.1,TRUE,Healthy,Good,,
283,10,10,40,10.3,TRUE,Not Healthy,Good,,
177,9,1,40,7.7,TRUE,Not Healthy,Good,,
198,10,3,37,10.4,TRUE,Not Healthy,Good,,
162,11,1,29,12.2,TRUE,Not Healthy,Good,,
161,10,1,30,12.1,TRUE,Not Healthy,Good,,
219,15,1,40,9.9,TRUE,Not Healthy,Good,,
153,9,1,27,8.2,TRUE,Not Healthy,Good,,
175,10,2,29,9.9,TRUE,Not Healthy,Good,,
227,14,1,43,9.3,TRUE,Not Healthy,Good,,
137,8,1,24,5.9,TRUE,Not Healthy,Good,,
233,5,24,4,2.7,TRUE,Healthy,Bad,,
190,6,16,9,0.6,TRUE,Healthy,Good,,
199,5,16,11,1,TRUE,Healthy,Bad,,
211,9,2,40,7.8,TRUE,Not Healthy,Good,,
57,2,3,5,1.3,FALSE,Healthy,Bad,,
56,2,4,3,3,FALSE,Healthy,Bad,,
215,5,21,6,3.3,TRUE,Healthy,Bad,,
94,4,5,8,3.4,FALSE,Healthy,Bad,,
170,13,1,29,6.2,TRUE,Not Healthy,Good,,
190,14,1,32,5.9,TRUE,Not Healthy,Good,,
243,3,26,4,2.7,TRUE,Healthy,Bad,,
168,15,9,6,3.1,TRUE,Healthy,Good,,
148,16,7,6,3.5,TRUE,Healthy,Good,,
222,6,20,8,3.2,TRUE,Healthy,Good,,
206,6,18,9,3.1,TRUE,Healthy,Good,,
206,6,18,9,3.1,TRUE,Healthy,Good,,
191,8,16,7,2.6,TRUE,Healthy,Good,,
184,7,16,7,2.5,TRUE,Healthy,Good,,
191,8,16,6,1.8,TRUE,Healthy,Good,,
190,9,12,13,1.9,TRUE,Healthy,Good,,
219,10,19,6,2.7,TRUE,Healthy,Good,,
217,9,18,8,3,TRUE,Healthy,Good,,
171,12,1,31,4.2,TRUE,Not Healthy,Good,,
173,2,18,3,2.4,TRUE,Healthy,Bad,,
230,5,23,4,1.3,TRUE,Healthy,Bad,,
177,7,14,8,3.2,TRUE,Healthy,Good,,
189,9,16,6,1.4,TRUE,Healthy,Good,,
181,5,16,6,2.8,TRUE,Healthy,Bad,,
136,15,6,5,3.2,TRUE,Healthy,Good,,
220,21,11,13,8,TRUE,Healthy,Good,,
189,6,16,8,2.9,TRUE,Healthy,Good,,
189,21,11,3,0,TRUE,Healthy,Good,,
83,7,4,4,0.2,FALSE,Healthy,Bad,,
138,18,4,7,5.7,TRUE,Healthy,Good,,
106,10,6,2,0,FALSE,Healthy,Bad,,
166,4,17,3,1.7,TRUE,Healthy,Bad,,
107,9,6,4,1.8,FALSE,Healthy,Bad,,
87,11,4,1,,FALSE,Healthy,Bad,,
130,9,10,,,FALSE,Healthy,Bad,,
130,9,10,,,FALSE,Healthy,Bad,,
194,24,10,0,,TRUE,Healthy,Good,,
95,20,1,0,,FALSE,Healthy,Bad,,
200,26,10,0,,TRUE,Healthy,Good,,
227,23,14,0,,TRUE,Healthy,Good,,
181,24,8,0,,TRUE,Healthy,Good,,
196,25,9,0,,TRUE,Healthy,Good,,
197,27,9,0,,TRUE,Healthy,Good,,
148,24,5,0,,TRUE,Healthy,Good,,
171,28,5,0,,TRUE,Healthy,Good,,
184,25,8,0,,TRUE,Healthy,Good,,
167,23,8,0,,TRUE,Healthy,Good,,
194,22,11,0,,TRUE,Healthy,Good,,
214,22,13,0,,TRUE,Healthy,Good,,
243,22,17,0,,TRUE,Healthy,Good,,
133,24,3,0,,FALSE,Healthy,Bad,,
175,30,5,0,,TRUE,Healthy,Good,,
158,25,5,0,,TRUE,Healthy,Good,,
195,29,8,0,,TRUE,Healthy,Good,,
230,20,16,0,,TRUE,Healthy,Good,,
232,23,15,0,,TRUE,Healthy,Good,,
164,21,8,0,,TRUE,Healthy,Good,,
309,17,26,0,,TRUE,Healthy,Good,,
156,25,5,0,,TRUE,Healthy,Good,,
237,21,16,0,,TRUE,Healthy,Good,,
183,28,7,0,,TRUE,Healthy,Good,,
191,23,10,0,,TRUE,Healthy,Good,,
216,22,13,0,,TRUE,Healthy,Good,,
170,24,7,0,,TRUE,Healthy,Good,,
146,21,6,0,,TRUE,Healthy,Good,,
107,21,2,0,,FALSE,Healthy,Bad,,
153,7,13,3,,TRUE,Healthy,Good,,
129,6,11,1,,FALSE,Healthy,Bad,,
127,7,9,4,,FALSE,Healthy,Bad,,
122,24,2,0,,FALSE,Healthy,Bad,,
142,19,7,0,,TRUE,Healthy,Good,,
119,25,2,0,,FALSE,Healthy,Bad,,
161,16,10,0,,TRUE,Healthy,Good,,
127,19,5,0,,FALSE,Healthy,Bad,,
179,20,10,0,,TRUE,Healthy,Good,,
143,22,6,0,,TRUE,Healthy,Good,,
187,15,14,0,,TRUE,Healthy,Good,,
127,19,5,0,,FALSE,Healthy,Bad,,
218,20,15,0,,TRUE,Healthy,Good,,
110,23,1,0,0,FALSE,Healthy,Bad,,
89,9,5,,,FALSE,Healthy,Bad,,
195,17,14,0,,TRUE,Healthy,Good,,
153,16,9,0,,TRUE,Healthy,Good,,
101,11,6,1,,FALSE,Healthy,Bad,,
69,9,3,1,,FALSE,Healthy,Bad,,
193,5,19,,,TRUE,Healthy,Bad,,
119,23,2,0,,FALSE,Healthy,Bad,,
83,11,4,,,FALSE,Healthy,Bad,,
75,8,4,1,,FALSE,Healthy,Bad,,
48,10,,1,,FALSE,Healthy,Bad,,
62,10,2,1,,FALSE,Healthy,Bad,,
91,9,5,2,,FALSE,Healthy,Bad,,
147,7,12,2,,TRUE,Healthy,Good,,
63,8,2,4,,FALSE,Healthy,Bad,,
253,14,21,0,,TRUE,Healthy,Good,,
128,23,3,0,,FALSE,Healthy,Bad,,
117,24,2,0,,FALSE,Healthy,Bad,,
107,20,2,0,,FALSE,Healthy,Bad,,
179,22,10,0,,TRUE,Healthy,Good,,
150,23,6,0,,TRUE,Healthy,Good,,
62,9,2,,,FALSE,Healthy,Bad,,
48,6,3,,,FALSE,Healthy,Bad,,
124,16,6,,,FALSE,Healthy,Bad,,
81,10,4,0,,FALSE,Healthy,Bad,,
118,19,4,1,,FALSE,Healthy,Bad,,
124,21,4,,,FALSE,Healthy,Bad,,
131,21,5,0,,FALSE,Healthy,Bad,,
119,20,3,0,,FALSE,Healthy,Bad,,
124,9,9,2,,FALSE,Healthy,Bad,,
182,21,10,0,,TRUE,Healthy,Good,,
212,19,15,0,,TRUE,Healthy,Good,,
194,19,12,0,,TRUE,Healthy,Good,,
232,17,18,0,,TRUE,Healthy,Good,,
269,16,22,0,,TRUE,Healthy,Good,,
207,17,15,0,,TRUE,Healthy,Good,,
203,19,13,0,,TRUE,Healthy,Good,,
194,20,12,0,,TRUE,Healthy,Good,,
176,19,10,0,,TRUE,Healthy,Good,,
222,18,16,0,,TRUE,Healthy,Good,,
238,15,19,0,,TRUE,Healthy,Good,,
257,22,18,0,,TRUE,Healthy,Good,,
93,4,8,1,,FALSE,Healthy,Bad,,
131,20,4,4,,FALSE,Healthy,Bad,,
129,19,5,1,,FALSE,Healthy,Bad,,
145,21,5,3,,TRUE,Healthy,Good,,
121,26,1,0,,FALSE,Healthy,Bad,,
119,20,4,0,,FALSE,Healthy,Bad,,
123,22,3,0,,FALSE,Healthy,Bad,,
74,10,3,1,,FALSE,Healthy,Bad,,
84,4,7,,,FALSE,Healthy,Bad,,
252,11,22,2,,TRUE,Healthy,Good,,
274,21,20,0,,TRUE,Healthy,Good,,
180,22,10,0,,TRUE,Healthy,Good,,
208,22,12,0,,TRUE,Healthy,Good,,
175,19,11,0,,TRUE,Healthy,Good,,
224,18,16,0,,TRUE,Healthy,Good,,
189,22,11,0,,TRUE,Healthy,Good,,
197,22,12,0,,TRUE,Healthy,Good,,
199,20,13,0,,TRUE,Healthy,Good,,
198,19,13,0,,TRUE,Healthy,Good,,
219,17,16,0,,TRUE,Healthy,Good,,
251,20,18,0,,TRUE,Healthy,Good,,
108,21,2,0,,FALSE,Healthy,Bad,,
116,23,2,0,,FALSE,Healthy,Bad,,
148,22,6,0,,TRUE,Healthy,Good,,
118,6,9,2,,FALSE,Healthy,Bad,,
185,12,15,1,,TRUE,Healthy,Good,,
182,7,14,7,,TRUE,Healthy,Good,,
184,11,14,2,,TRUE,Healthy,Good,,
51,2,5,,,FALSE,Healthy,Bad,,
35,2,3,,,FALSE,Healthy,Bad,,
258,14,20,3,,TRUE,Healthy,Good,,
147,18,8,0,,TRUE,Healthy,Good,,
129,26,2,0,,FALSE,Healthy,Bad,,
99,20,2,0,,FALSE,Healthy,Bad,,
188,9,17,,,TRUE,Healthy,Good,,
94,17,2,0,,FALSE,Healthy,Bad,,
200,14,15,,,TRUE,Healthy,Good,,
50,6,3,,,FALSE,Healthy,Bad,,
162,17,9,0,,TRUE,Healthy,Good,,
139,19,6,0,,TRUE,Healthy,Good,,
176,21,10,0,,TRUE,Healthy,Good,,
143,21,4,0,,TRUE,Healthy,Good,,
116,21,2,0,,FALSE,Healthy,Bad,,
173,23,9,0,,TRUE,Healthy,Good,,
136,27,2,0,,TRUE,Healthy,Good,,
142,28,2,0,,TRUE,Healthy,Good,,
129,18,6,0,,FALSE,Healthy,Bad,,
171,20,7,7,,TRUE,Healthy,Good,,
120,21,3,0,,FALSE,Healthy,Bad,,
163,19,9,0,,TRUE,Healthy,Good,,
142,23,5,0,,TRUE,Healthy,Good,,
141,26,3,0,,TRUE,Healthy,Good,,
110,5,9,1,,FALSE,Healthy,Bad,,
104,5,8,2,,FALSE,Healthy,Bad,,
107,5,9,2,,FALSE,Healthy,Bad,,
58,4,4,2,,FALSE,Healthy,Bad,,
93,4,7,2,,FALSE,Healthy,Bad,,
34,2,0.3,2,2,FALSE,Healthy,Bad,,
108,2,5.8,1,11,FALSE,Healthy,Bad,,
31,2,0.7,3,1,FALSE,Healthy,Bad,,
20,1,0.2,3,1,FALSE,Healthy,Bad,,
48,1,0.9,3,3,FALSE,Healthy,Bad,,
22,1,0.2,4,1,FALSE,Healthy,Bad,,
31,2,0.4,3,1,FALSE,Healthy,Bad,,
22,1,0.2,4,1,FALSE,Healthy,Bad,,
15,,,4,,FALSE,Healthy,Bad,,
11,1,,1,1,FALSE,Healthy,Bad,,
23,,0.3,1,2,FALSE,Healthy,Bad,,
13,,0.1,1,1,FALSE,Healthy,Bad,,
50,1,2.5,3,4,FALSE,Healthy,Bad,,
20,,,5,,FALSE,Healthy,Bad,,
12,,,3,,FALSE,Healthy,Bad,,
33,,,9,,FALSE,Healthy,Bad,,
5,,,1,,FALSE,Healthy,Bad,,
12,,,2,,FALSE,Healthy,Bad,,
81,5,2.1,7,4,FALSE,Healthy,Bad,,
106,,,27,,FALSE,Not Healthy,Bad,,
121,5,4.3,3,10,FALSE,Healthy,Bad,,
7,,,1,,FALSE,Healthy,Bad,,
9,,,2,,FALSE,Healthy,Bad,,
20,,0.1,4,,FALSE,Healthy,Bad,,
15,1,0,3,0,FALSE,Healthy,Bad,,
89,2,1.7,6,6,FALSE,Healthy,Bad,,
74,1,1.6,2,7,FALSE,Healthy,Bad,,
638,18,38,57,2,TRUE,Not Healthy,Good,,
168,18,4,14,1.8,TRUE,Healthy,Good,,
189,8,6,27,3.8,TRUE,Not Healthy,Good,,
316,20,12,32,2.2,TRUE,Not Healthy,Good,,
368,28,23,13,1.5,TRUE,Healthy,Good,,
350,19,8,50,4.1,TRUE,Not Healthy,Good,,
494,21,29,37,3.1,TRUE,Not Healthy,Good,,
558,32,26,47,2.8,TRUE,Not Healthy,Good,,
364,22,14,37,2.4,TRUE,Not Healthy,Good,,
355,19,11,46,2.9,TRUE,Not Healthy,Good,,
395,11,17,49,2,TRUE,Not Healthy,Good,,
319,23,10,32,1.9,TRUE,Not Healthy,Good,,
346,9,19,36,4.1,TRUE,Not Healthy,Good,,
220,15,6,26,1.5,TRUE,Not Healthy,Good,,
380,13,26,25,1.9,TRUE,Not Healthy,Good,,
627,31,38,40,2.5,TRUE,Not Healthy,Good,,
179,5,15,7,1.7,TRUE,Healthy,Bad,,
491,41,31,12,3.7,TRUE,Healthy,Good,,
47,1,4,4,0.9,FALSE,Healthy,Bad,,
139,4,13,4,1.1,TRUE,Healthy,Bad,,
245,5,10,33,2.2,TRUE,Not Healthy,Bad,,
306,5,18,32,2.1,TRUE,Not Healthy,Bad,,
479,14,35,27,1.2,TRUE,Not Healthy,Good,,
260,13,10,28,2.1,TRUE,Not Healthy,Good,,
388,40,10,31,1.7,TRUE,Not Healthy,Good,,
346,22,14,33,2.5,TRUE,Not Healthy,Good,,
340,16,16,33,1.7,TRUE,Not Healthy,Good,,
371,20,18,33,1.7,TRUE,Not Healthy,Good,,
389,17,17,40,3.1,TRUE,Not Healthy,Good,,
250,9,2,47,1.9,TRUE,Not Healthy,Good,,
401,19,14,50,4.9,TRUE,Not Healthy,Good,,
290,22,14,20,2.2,TRUE,Healthy,Good,,
255,18,17,8,1.5,TRUE,Healthy,Good,,
183,14,10,10,1.4,TRUE,Healthy,Good,,
164,5,,35,0.8,TRUE,Not Healthy,Bad,,
122,2,,27,0.5,FALSE,Not Healthy,Bad,,
472,26,26,33,0.7,TRUE,Not Healthy,Good,,
193,12,11,13,2,TRUE,Healthy,Good,,
307,15,17,23,1.2,TRUE,Not Healthy,Good,,
32,1,,7,1.3,FALSE,Healthy,Bad,,
73,,5,8,1.1,FALSE,Healthy,Bad,,
81,7,5,2,0.4,FALSE,Healthy,Bad,,
186,8,14,10,2.2,TRUE,Healthy,Good,,
132,4,4,21,1.9,FALSE,Not Healthy,Bad,,
160,1,5,29,1.9,TRUE,Not Healthy,Bad,,
205,3,13,20,0.4,TRUE,Healthy,Bad,,
49,,1,11,0.5,FALSE,Healthy,Bad,,
34,1,1,6,1.1,FALSE,Healthy,Bad,,
58,1,3,7,1.2,FALSE,Healthy,Bad,,
156,2,11,14,1,TRUE,Healthy,Bad,,
202,2,8,31,2.1,TRUE,Not Healthy,Bad,,
211,3,14,23,1.9,TRUE,Not Healthy,Bad,,
230,3,15,21,1.6,TRUE,Not Healthy,Bad,,
19,,,4,0.2,FALSE,Healthy,Bad,,
19,,,4,0.2,FALSE,Healthy,Bad,,
35,1,,7,0.4,FALSE,Healthy,Bad,,
75,2,5,6,0.4,FALSE,Healthy,Bad,,
205,15,11,15,7.7,TRUE,Healthy,Good,,
249,4,13,31,2.7,TRUE,Not Healthy,Bad,,
234,3,12,29,3,TRUE,Not Healthy,Bad,,
176,5,11,17,2.5,TRUE,Healthy,Bad,,
144,2,6,23,2.4,TRUE,Not Healthy,Bad,,
88,5,3,9,0.8,FALSE,Healthy,Bad,,
18,3,1,,0,FALSE,Healthy,Bad,,
180,12,5,21,1.5,TRUE,Not Healthy,Good,,
41,5,1,1,0,FALSE,Healthy,Bad,,
185,13,6,18,4.1,TRUE,Healthy,Good,,
79,4,3,10,0.8,FALSE,Healthy,Bad,,
58,2,1,9,0.3,FALSE,Healthy,Bad,,
135,19,3,7,0.9,TRUE,Healthy,Good,,
105,9,2,13,2.1,FALSE,Healthy,Bad,,
175,13,5,20,0.9,TRUE,Healthy,Good,,
142,8,4,20,3,TRUE,Healthy,Good,,
157,10,5,18,1.6,TRUE,Healthy,Good,,
189,8,10,16,0.3,TRUE,Healthy,Good,,
202,6,13,16,0.5,TRUE,Healthy,Good,,
137,2,9,10,0.5,TRUE,Healthy,Bad,,
134,6,5,17,0.8,FALSE,Healthy,Bad,,
155,6,5,24,1.3,TRUE,Not Healthy,Good,,
62,5,2,7,0.8,FALSE,Healthy,Bad,,
204,10,6,28,1.9,TRUE,Not Healthy,Good,,
193,12,5,27,5.1,TRUE,Not Healthy,Good,,
134,5,3,22,6.1,FALSE,Not Healthy,Bad,,
83,5,2,13,0.8,FALSE,Healthy,Bad,,
29,1,1,5,0.8,FALSE,Healthy,Bad,,
162,3,8,20,6.2,TRUE,Healthy,Bad,,
195,12,4,28,4.1,TRUE,Not Healthy,Good,,
190,13,2,31,3.8,TRUE,Not Healthy,Good,,
56,2,1,10,0.5,FALSE,Healthy,Bad,,
90,2,2,18,1.2,FALSE,Healthy,Bad,,
90,2,2,19,0.5,FALSE,Healthy,Bad,,
129,4,4,20,1.3,FALSE,Healthy,Bad,,
49,3,1,8,1.4,FALSE,Healthy,Bad,,
83,6,2,11,0.7,FALSE,Healthy,Bad,,
76,2,2,13,0.5,FALSE,Healthy,Bad,,
180,4,12,15,1.4,TRUE,Healthy,Bad,,
18,0,0,5,0,FALSE,Healthy,Bad,,
21,,,5,0,FALSE,Healthy,Bad,,
29,1,2,2,0.2,FALSE,Healthy,Bad,,
154,2,3,31,0.5,TRUE,Not Healthy,Bad,,
289,3,14,38,0.6,TRUE,Not Healthy,Bad,,
132,3,6,17,1.2,FALSE,Healthy,Bad,,
246,3,11,35,0.5,TRUE,Not Healthy,Bad,,
7,0,,2,0.1,FALSE,Healthy,Bad,,
5,0,,2,,FALSE,Healthy,Bad,,
218,3,11,27,0.4,TRUE,Not Healthy,Bad,,
65,3,,14,0.9,FALSE,Healthy,Bad,,
245,3,9,42,1,TRUE,Not Healthy,Bad,,
203,4,14,14,0.5,TRUE,Healthy,Bad,,
110,1,,26,1,FALSE,Not Healthy,Bad,,
135,2,3,24,1.1,TRUE,Not Healthy,Bad,,
201,2,9,27,1.1,TRUE,Not Healthy,Bad,,
204,2,13,27,2.5,TRUE,Not Healthy,Bad,,
235,2,13,29,2.5,TRUE,Not Healthy,Bad,,
59,0,0,16,0,FALSE,Healthy,Bad,,
42,,,10,0.5,FALSE,Healthy,Bad,,
23,,,5,0.4,FALSE,Healthy,Bad,,
59,,2,13,0.3,FALSE,Healthy,Bad,,
116,3,3,20,1.2,FALSE,Healthy,Bad,,
124,3,4,18,0,FALSE,Healthy,Bad,,
63,1,,16,0.8,FALSE,Healthy,Bad,,
52,,,12,0.5,FALSE,Healthy,Bad,,
289,5,14,41,1.3,TRUE,Not Healthy,Bad,,
70,,2,13,0.3,FALSE,Healthy,Bad,,
84,,1,18,0,FALSE,Healthy,Bad,,
25,1,0,5,0,FALSE,Healthy,Bad,,
88,2,0,20,0,FALSE,Healthy,Bad,,
143,0,0,36,,TRUE,Not Healthy,Bad,,
24,0,,6,0,FALSE,Healthy,Bad,,
11,0,0,3,0,FALSE,Healthy,Bad,,
22,,0,6,,FALSE,Healthy,Bad,,
222,5,14,23,1.9,TRUE,Not Healthy,Bad,,
266,7,7,43,0.6,TRUE,Not Healthy,Good,,
143,3,6,22,0.9,TRUE,Not Healthy,Bad,,
151,3,8,20,0.8,TRUE,Healthy,Bad,,
237,4,16,21,0.8,TRUE,Not Healthy,Bad,,
134,2,6,19,0.6,FALSE,Healthy,Bad,,
117,5,2,20,0,FALSE,Healthy,Bad,,
106,3,5,15,0.5,FALSE,Healthy,Bad,,
282,4,18,25,0,TRUE,Not Healthy,Bad,,
153,3,8,18,0.5,TRUE,Healthy,Bad,,
10,0,,2,0,FALSE,Healthy,Bad,,
56,,,14,0.2,FALSE,Healthy,Bad,,
56,,,15,0.2,FALSE,Healthy,Bad,,
105,0,,26,0.1,FALSE,Not Healthy,Bad,,
132,1,1,30,0,FALSE,Not Healthy,Bad,,
55,0,,14,0,FALSE,Healthy,Bad,,
50,,0,13,0.1,FALSE,Healthy,Bad,,
23,,,6,,FALSE,Healthy,Bad,,
209,2,11,26,1,TRUE,Not Healthy,Bad,,
268,4,15,30,1.7,TRUE,Not Healthy,Bad,,
62,0,,16,0,FALSE,Healthy,Bad,,
47,0,0,12,0.1,FALSE,Healthy,Bad,,
263,5,16,28,1.8,TRUE,Not Healthy,Bad,,
208,5,13,20,1.9,TRUE,Healthy,Bad,,
29,,,7,0.2,FALSE,Healthy,Bad,,
54,0,0,14,0,FALSE,Healthy,Bad,,
39,,1,7,0.4,FALSE,Healthy,Bad,,
181,4,12,18,2.8,TRUE,Healthy,Bad,,
113,1,2,24,2.6,FALSE,Not Healthy,Bad,,
43,,,10,0,FALSE,Healthy,Bad,,
575,13,20,89,1.9,TRUE,Not Healthy,Good,,
203,2,11,23,2,TRUE,Not Healthy,Bad,,
4,,0,1,0,FALSE,Healthy,Bad,,
2,0,0,,0,FALSE,Healthy,Bad,,
67,,4,8,0,FALSE,Healthy,Bad,,
209,1,13,24,0.5,TRUE,Not Healthy,Bad,,
105,1,,27,0.4,FALSE,Not Healthy,Bad,,
110,,,29,0.3,FALSE,Not Healthy,Bad,,
16,0,0,4,0,FALSE,Healthy,Bad,,
2,,,,0.2,FALSE,Healthy,Bad,,
13,1,,3,1,FALSE,Healthy,Bad,,
27,1,2,3,1,FALSE,Healthy,Bad,,
60,4,,13,4.7,FALSE,Healthy,Bad,,
21,2,1,3,1.5,FALSE,Healthy,Bad,,
18,2,,3,1.6,FALSE,Healthy,Bad,,
33,3,,7,1.2,FALSE,Healthy,Bad,,
100,6,,18,4,FALSE,Healthy,Bad,,
14,1,,3,1.5,FALSE,Healthy,Bad,,
22,1,,5,1.9,FALSE,Healthy,Bad,,
78,1,,20,2.2,FALSE,Healthy,Bad,,
40,2,,9,1.8,FALSE,Healthy,Bad,,
28,1,,6,1.9,FALSE,Healthy,Bad,,
9,,,2,1.6,FALSE,Healthy,Bad,,
11,1,,2,0.9,FALSE,Healthy,Bad,,
29,2,,6,2,FALSE,Healthy,Bad,,
16,1,,3,1.1,FALSE,Healthy,Bad,,
27,3,,5,2.3,FALSE,Healthy,Bad,,
33,3,,6,3.2,FALSE,Healthy,Bad,,
17,1,,4,1.3,FALSE,Healthy,Bad,,
9,1,,2,0.7,FALSE,Healthy,Bad,,
11,1,,3,0.8,FALSE,Healthy,Bad,,
50,1,,12,1,FALSE,Healthy,Bad,,
28,1,,7,1.4,FALSE,Healthy,Bad,,
28,1,,6,1.9,FALSE,Healthy,Bad,,
25,1,,6,1.5,FALSE,Healthy,Bad,,
15,1,,3,1.8,FALSE,Healthy,Bad,,
13,1,,3,0.9,FALSE,Healthy,Bad,,
6,,,1,0.6,FALSE,Healthy,Bad,,
44,1,2,8,1,FALSE,Healthy,Bad,,
97,2,1,25,1.8,FALSE,Not Healthy,Bad,,
88,3,1,22,2.3,FALSE,Not Healthy,Bad,,
82,3,1,19,2,FALSE,Healthy,Bad,,
3,,,1,0.2,FALSE,Healthy,Bad,,
100,9,4,8,4.3,FALSE,Healthy,Bad,,
18,,,5,1.3,FALSE,Healthy,Bad,,
33,4,,6,0.9,FALSE,Healthy,Bad,,
13,1,,2,1.3,FALSE,Healthy,Bad,,
18,2,,3,1.6,FALSE,Healthy,Bad,,
19,1,,4,1.4,FALSE,Healthy,Bad,,
17,,,4,0.5,FALSE,Healthy,Bad,,
8,1,,1,0.6,FALSE,Healthy,Bad,,
8,1,,2,0.7,FALSE,Healthy,Bad,,
9,1,,2,0.8,FALSE,Healthy,Bad,,
10,1,,2,1.2,FALSE,Healthy,Bad,,
12,1,,2,1.1,FALSE,Healthy,Bad,,
21,2,,4,2.3,FALSE,Healthy,Bad,,
30,4,1,4,1.9,FALSE,Healthy,Bad,,
12,2,,2,0.6,FALSE,Healthy,Bad,,
27,2,,4,2.1,FALSE,Healthy,Bad,,
15,2,,2,1,FALSE,Healthy,Bad,,
5,,,1,0.4,FALSE,Healthy,Bad,,
17,,,4,0.6,FALSE,Healthy,Bad,,
61,,5,4,0.8,FALSE,Healthy,Bad,,
59,1,,14,2.7,FALSE,Healthy,Bad,,
62,4,,11,4,FALSE,Healthy,Bad,,
66,4,,12,3.7,FALSE,Healthy,Bad,,
36,3,,6,2.4,FALSE,Healthy,Bad,,
14,1,,3,0.6,FALSE,Healthy,Bad,,
4,,,1,0.4,FALSE,Healthy,Bad,,
16,1,,4,1.2,FALSE,Healthy,Bad,,
95,1,9,3,1.3,FALSE,Healthy,Bad,,
15,1,,4,0.8,FALSE,Healthy,Bad,,
99,1,9,5,1.3,FALSE,Healthy,Bad,,
25,1,,6,0.8,FALSE,Healthy,Bad,,
36,1,2,5,0.6,FALSE,Healthy,Bad,,
205,4,15,14,1.4,TRUE,Healthy,Bad,,
145,3,,34,3.4,TRUE,Not Healthy,Bad,,
161,4,,37,3.8,TRUE,Not Healthy,Bad,,
116,2,,27,1.9,FALSE,Not Healthy,Bad,,
129,3,,30,2.5,FALSE,Not Healthy,Bad,,
84,2,,19,1.3,FALSE,Healthy,Bad,,
212,5,,49,5.1,TRUE,Not Healthy,Bad,,
156,3,,36,3.4,TRUE,Not Healthy,Bad,,
96,2,4,15,1.6,FALSE,Healthy,Bad,,
180,3,9,23,1.8,TRUE,Not Healthy,Bad,,
107,3,4,15,1.1,FALSE,Healthy,Bad,,
116,2,4,19,2.2,FALSE,Healthy,Bad,,
120,3,5,16,1,FALSE,Healthy,Bad,,
111,4,5,14,2.5,FALSE,Healthy,Bad,,
44,1,,10,3.8,FALSE,Healthy,Bad,,
5,,,1,0.2,FALSE,Healthy,Bad,,
2,,,,0.2,FALSE,Healthy,Bad,,
35,1,,8,1.6,FALSE,Healthy,Bad,,
14,1,,3,1.9,FALSE,Healthy,Bad,,
8,1,,1,0.1,FALSE,Healthy,Bad,,
22,3,,4,2.3,FALSE,Healthy,Bad,,
7,1,,1,0.7,FALSE,Healthy,Bad,,
61,1,,16,2.1,FALSE,Healthy,Bad,,
43,1,,11,1.8,FALSE,Healthy,Bad,,
22,1,,5,0.9,FALSE,Healthy,Bad,,
51,1,,12,1.9,FALSE,Healthy,Bad,,
57,1,,13,1.9,FALSE,Healthy,Bad,,
18,2,,4,1.9,FALSE,Healthy,Bad,,
61,1,,14,0.5,FALSE,Healthy,Bad,,
22,1,,5,0.9,FALSE,Healthy,Bad,,
31,1,,8,0.7,FALSE,Healthy,Bad,,
143,2,6,21,1.9,TRUE,Not Healthy,Bad,,
41,2,,10,1.9,FALSE,Healthy,Bad,,
35,1,,8,1.4,FALSE,Healthy,Bad,,
22,1,,5,1,FALSE,Healthy,Bad,,
22,1,,5,1.5,FALSE,Healthy,Bad,,
5,,,1,0.2,FALSE,Healthy,Bad,,
6,,,1,0.2,FALSE,Healthy,Bad,,
18,1,,4,1.6,FALSE,Healthy,Bad,,
24,1,,6,0.7,FALSE,Healthy,Bad,,
28,1,,6,1,FALSE,Healthy,Bad,,
29,1,,6,1.8,FALSE,Healthy,Bad,,
22,2,,4,2.4,FALSE,Healthy,Bad,,
63,3,,13,2.8,FALSE,Healthy,Bad,,
51,3,,11,2.7,FALSE,Healthy,Bad,,
6,,,1,0.4,FALSE,Healthy,Bad,,
15,1,,4,1.3,FALSE,Healthy,Bad,,
